{"cameraMode":{"drawMode":0,"name":"Shaded","section":"Shading Mode"},"sceneLighting":true,"audioPlay":false,"sceneViewState":{"showFog":true,"showMaterialUpdate":false,"showSkybox":true,"showFlares":true,"showImageEffects":true,"showParticleSystems":true,"showVisualEffectGraphs":true,"m_FxEnabled":true},"in2DMode":false,"pivot":{"x":35.006534576416019,"y":11.06395435333252,"z":-10.269248962402344},"rotation":{"x":0.17104068398475648,"y":0.05787324532866478,"z":0.010096529498696328,"w":-0.9834963083267212},"size":12.461819648742676,"orthographic":false}