{"cameraMode":{"drawMode":0,"name":"Shaded","section":"Shading Mode"},"sceneLighting":true,"audioPlay":false,"sceneViewState":{"showFog":true,"showMaterialUpdate":false,"showSkybox":true,"showFlares":true,"showImageEffects":true,"showParticleSystems":true,"showVisualEffectGraphs":true,"m_FxEnabled":true},"in2DMode":false,"pivot":{"x":37.332637786865237,"y":5.4602251052856449,"z":-25.13321304321289},"rotation":{"x":-0.042159151285886767,"y":0.07962746918201447,"z":-0.003430064069107175,"w":-0.9959588050842285},"size":2.666025161743164,"orthographic":false}