{"cameraMode":{"drawMode":0,"name":"Shaded","section":"Shading Mode"},"sceneLighting":true,"audioPlay":false,"sceneViewState":{"showFog":true,"showMaterialUpdate":false,"showSkybox":true,"showFlares":true,"showImageEffects":true,"showParticleSystems":true,"showVisualEffectGraphs":true,"m_FxEnabled":true},"in2DMode":false,"pivot":{"x":53.31159973144531,"y":6.584282398223877,"z":-31.020145416259767},"rotation":{"x":0.025004900991916658,"y":0.24218976497650147,"z":-0.006393027026206255,"w":0.9700550436973572},"size":1.1660254001617432,"orthographic":false}