{"cameraMode":{"drawMode":0,"name":"Shaded","section":"Shading Mode"},"sceneLighting":true,"audioPlay":false,"sceneViewState":{"showFog":true,"showMaterialUpdate":false,"showSkybox":true,"showFlares":true,"showImageEffects":true,"showParticleSystems":true,"showVisualEffectGraphs":true,"m_FxEnabled":true},"in2DMode":false,"pivot":{"x":34.876312255859378,"y":8.019436836242676,"z":-16.104520797729493},"rotation":{"x":0.03417789563536644,"y":-0.024089856073260309,"z":-0.0007363588083535433,"w":-0.9992112517356873},"size":5.366025924682617,"orthographic":false}