{"cameraMode":{"drawMode":0,"name":"Shaded","section":"Shading Mode"},"sceneLighting":true,"audioPlay":false,"sceneViewState":{"showFog":true,"showMaterialUpdate":false,"showSkybox":true,"showFlares":true,"showImageEffects":true,"showParticleSystems":true,"showVisualEffectGraphs":true,"m_FxEnabled":true},"in2DMode":false,"pivot":{"x":14.369750022888184,"y":-5.906564712524414,"z":-111.98301696777344},"rotation":{"x":-0.005409304052591324,"y":0.9793104529380798,"z":-0.19984596967697144,"w":-0.02521533891558647},"size":24.103199005126954,"orthographic":false}