{"cameraMode":{"drawMode":0,"name":"Shaded","section":"Shading Mode"},"sceneLighting":true,"audioPlay":false,"sceneViewState":{"showFog":true,"showMaterialUpdate":false,"showSkybox":true,"showFlares":true,"showImageEffects":true,"showParticleSystems":true,"showVisualEffectGraphs":true,"m_FxEnabled":true},"in2DMode":false,"pivot":{"x":38.22419357299805,"y":6.776613235473633,"z":-14.765091896057129},"rotation":{"x":-0.15849320590496064,"y":-0.047289956361055377,"z":0.007223094347864389,"w":-0.9863439798355103},"size":10.449999809265137,"orthographic":false}